reference	source	source_state	build_state	behavior_state	applicability	reason
arp	user/net/arp.c	SOURCE-PRESENT	HOST-SCX-BUILT+NATIVE-DISK1-BUILT	PARTIAL-DISK1-PASS	M10-network	network-03首盘实际S3C编译/启动通过；基础行为子集有日志/抓包，完整选项/双盘待验；范围见CLI-M10.md/M10A1-VERIFICATION.md
arping	user/net/arping.c	SOURCE-PRESENT	HOST-SCX-BUILT+NATIVE-DISK1-BUILT	PARTIAL-DISK1-PASS	M10-network	network-03首盘实际S3C编译/启动通过；基础行为子集有日志/抓包，完整选项/双盘待验；范围见CLI-M10.md/M10A1-VERIFICATION.md
brctl	-	OUTSIDE-M10A1-FIRST-18	NOT-BUILT	NOT-RUN	M10-network	原55项网络参考保留，本轮首批未纳入
dhcprelay	-	OUTSIDE-M10A1-FIRST-18	NOT-BUILT	NOT-RUN	M10-network	原55项网络参考保留，本轮首批未纳入
dnsd	-	OUTSIDE-M10A1-FIRST-18	NOT-BUILT	NOT-RUN	M10-network	原55项网络参考保留，本轮首批未纳入
dnsdomainname	user/net/dnsdomainname.c	SOURCE-PRESENT	HOST-SCX-BUILT+NATIVE-DISK1-BUILT	PARTIAL-DISK1-PASS	M10-network	network-03首盘实际S3C编译/启动通过；基础行为子集有日志/抓包，完整选项/双盘待验；范围见CLI-M10.md/M10A1-VERIFICATION.md
dumpleases	-	OUTSIDE-M10A1-FIRST-18	NOT-BUILT	NOT-RUN	M10-network	原55项网络参考保留，本轮首批未纳入
fakeidentd	-	OUTSIDE-M10A1-FIRST-18	NOT-BUILT	NOT-RUN	M10-network	原55项网络参考保留，本轮首批未纳入
ftpd	-	OUTSIDE-M10A1-FIRST-18	NOT-BUILT	NOT-RUN	M10-network	原55项网络参考保留，本轮首批未纳入
ftpget	-	OUTSIDE-M10A1-FIRST-18	NOT-BUILT	NOT-RUN	M10-network	原55项网络参考保留，本轮首批未纳入
ftpput	-	OUTSIDE-M10A1-FIRST-18	NOT-BUILT	NOT-RUN	M10-network	原55项网络参考保留，本轮首批未纳入
hostname	user/net/hostname.c	SOURCE-PRESENT	HOST-SCX-BUILT+NATIVE-DISK1-BUILT	PARTIAL-DISK1-PASS	M10-network	network-03首盘实际S3C编译/启动通过；基础行为子集有日志/抓包，完整选项/双盘待验；范围见CLI-M10.md/M10A1-VERIFICATION.md
httpd	-	OUTSIDE-M10A1-FIRST-18	NOT-BUILT	NOT-RUN	M10-network	原55项网络参考保留，本轮首批未纳入
ifconfig	user/net/ifconfig.c	SOURCE-PRESENT	HOST-SCX-BUILT+NATIVE-DISK1-BUILT	PARTIAL-DISK1-PASS	M10-network	network-03首盘实际S3C编译/启动通过；基础行为子集有日志/抓包，完整选项/双盘待验；范围见CLI-M10.md/M10A1-VERIFICATION.md
ifdown	user/net/ifdown.c	SOURCE-PRESENT	HOST-SCX-BUILT+NATIVE-DISK1-BUILT	PARTIAL-DISK1-PASS	M10-network	network-03首盘实际S3C编译/启动通过；基础行为子集有日志/抓包，完整选项/双盘待验；范围见CLI-M10.md/M10A1-VERIFICATION.md
ifenslave	-	OUTSIDE-M10A1-FIRST-18	NOT-BUILT	NOT-RUN	M10-network	原55项网络参考保留，本轮首批未纳入
ifplugd	-	OUTSIDE-M10A1-FIRST-18	NOT-BUILT	NOT-RUN	M10-network	原55项网络参考保留，本轮首批未纳入
ifup	user/net/ifup.c	SOURCE-PRESENT	HOST-SCX-BUILT+NATIVE-DISK1-BUILT	PARTIAL-DISK1-PASS	M10-network	network-03首盘实际S3C编译/启动通过；基础行为子集有日志/抓包，完整选项/双盘待验；范围见CLI-M10.md/M10A1-VERIFICATION.md
inetd	-	OUTSIDE-M10A1-FIRST-18	NOT-BUILT	NOT-RUN	M10-network	原55项网络参考保留，本轮首批未纳入
ip	user/net/ip.c	SOURCE-PRESENT	HOST-SCX-BUILT+NATIVE-DISK1-BUILT	PARTIAL-DISK1-PASS	M10-network	network-03首盘实际S3C编译/启动通过；基础行为子集有日志/抓包，完整选项/双盘待验；范围见CLI-M10.md/M10A1-VERIFICATION.md
ipaddr	-	OUTSIDE-M10A1-FIRST-18	NOT-BUILT	NOT-RUN	M10-network	原55项网络参考保留，本轮首批未纳入
ipcalc	user/net/ipcalc.c	SOURCE-PRESENT	HOST-SCX-BUILT+NATIVE-DISK1-BUILT	PARTIAL-DISK1-PASS	M10-network	network-03首盘实际S3C编译/启动通过；基础行为子集有日志/抓包，完整选项/双盘待验；范围见CLI-M10.md/M10A1-VERIFICATION.md
iplink	-	OUTSIDE-M10A1-FIRST-18	NOT-BUILT	NOT-RUN	M10-network	原55项网络参考保留，本轮首批未纳入
iproute	-	OUTSIDE-M10A1-FIRST-18	NOT-BUILT	NOT-RUN	M10-network	原55项网络参考保留，本轮首批未纳入
iprule	-	OUTSIDE-M10A1-FIRST-18	NOT-BUILT	NOT-RUN	M10-network	原55项网络参考保留，本轮首批未纳入
iptunnel	-	OUTSIDE-M10A1-FIRST-18	NOT-BUILT	NOT-RUN	M10-network	原55项网络参考保留，本轮首批未纳入
lpd	-	OUTSIDE-M10A1-FIRST-18	NOT-BUILT	NOT-RUN	M10-network	原55项网络参考保留，本轮首批未纳入
lpq	-	OUTSIDE-M10A1-FIRST-18	NOT-BUILT	NOT-RUN	M10-network	原55项网络参考保留，本轮首批未纳入
lpr	-	OUTSIDE-M10A1-FIRST-18	NOT-BUILT	NOT-RUN	M10-network	原55项网络参考保留，本轮首批未纳入
makemime	-	OUTSIDE-M10A1-FIRST-18	NOT-BUILT	NOT-RUN	M10-network	原55项网络参考保留，本轮首批未纳入
nameif	-	OUTSIDE-M10A1-FIRST-18	NOT-BUILT	NOT-RUN	M10-network	原55项网络参考保留，本轮首批未纳入
nc	user/net/nc.c	SOURCE-PRESENT	HOST-SCX-BUILT+NATIVE-DISK1-BUILT	PARTIAL-DISK1-PASS	M10-network	network-03首盘实际S3C编译/启动通过；基础行为子集有日志/抓包，完整选项/双盘待验；范围见CLI-M10.md/M10A1-VERIFICATION.md
netstat	user/net/netstat.c	SOURCE-PRESENT	HOST-SCX-BUILT+NATIVE-DISK1-BUILT	PARTIAL-DISK1-PASS	M10-network	network-03首盘实际S3C编译/启动通过；基础行为子集有日志/抓包，完整选项/双盘待验；范围见CLI-M10.md/M10A1-VERIFICATION.md
nslookup	user/net/nslookup.c	SOURCE-PRESENT	HOST-SCX-BUILT+NATIVE-DISK1-BUILT	PARTIAL-DISK1-PASS	M10-network	network-03首盘实际S3C编译/启动通过；基础行为子集有日志/抓包，完整选项/双盘待验；范围见CLI-M10.md/M10A1-VERIFICATION.md
ping	user/net/ping.c	SOURCE-PRESENT	HOST-SCX-BUILT+NATIVE-DISK1-BUILT	PARTIAL-DISK1-PASS	M10-network	network-03首盘实际S3C编译/启动通过；基础行为子集有日志/抓包，完整选项/双盘待验；范围见CLI-M10.md/M10A1-VERIFICATION.md
ping6	-	OUTSIDE-M10A1-FIRST-18	NOT-BUILT	NOT-RUN	M10-network	原55项网络参考保留，本轮首批未纳入
popmaildir	-	OUTSIDE-M10A1-FIRST-18	NOT-BUILT	NOT-RUN	M10-network	原55项网络参考保留，本轮首批未纳入
pscan	-	OUTSIDE-M10A1-FIRST-18	NOT-BUILT	NOT-RUN	M10-network	原55项网络参考保留，本轮首批未纳入
rdate	-	OUTSIDE-M10A1-FIRST-18	NOT-BUILT	NOT-RUN	M10-network	原55项网络参考保留，本轮首批未纳入
reformime	-	OUTSIDE-M10A1-FIRST-18	NOT-BUILT	NOT-RUN	M10-network	原55项网络参考保留，本轮首批未纳入
route	user/net/route.c	SOURCE-PRESENT	HOST-SCX-BUILT+NATIVE-DISK1-BUILT	PARTIAL-DISK1-PASS	M10-network	network-03首盘实际S3C编译/启动通过；基础行为子集有日志/抓包，完整选项/双盘待验；范围见CLI-M10.md/M10A1-VERIFICATION.md
sendmail	-	OUTSIDE-M10A1-FIRST-18	NOT-BUILT	NOT-RUN	M10-network	原55项网络参考保留，本轮首批未纳入
slattach	-	OUTSIDE-M10A1-FIRST-18	NOT-BUILT	NOT-RUN	M10-network	原55项网络参考保留，本轮首批未纳入
tcpsvd	-	OUTSIDE-M10A1-FIRST-18	NOT-BUILT	NOT-RUN	M10-network	原55项网络参考保留，本轮首批未纳入
telnet	-	OUTSIDE-M10A1-FIRST-18	NOT-BUILT	NOT-RUN	M10-network	原55项网络参考保留，本轮首批未纳入
telnetd	-	OUTSIDE-M10A1-FIRST-18	NOT-BUILT	NOT-RUN	M10-network	原55项网络参考保留，本轮首批未纳入
tftp	user/net/tftp.c	SOURCE-PRESENT	HOST-SCX-BUILT+NATIVE-DISK1-BUILT	HELP-DISK1-PASS	M10-network	network-03首盘实际S3C编译/启动通过；仅help，传输待验；范围见CLI-M10.md/M10A1-VERIFICATION.md
tftpd	-	OUTSIDE-M10A1-FIRST-18	NOT-BUILT	NOT-RUN	M10-network	原55项网络参考保留，本轮首批未纳入
traceroute	user/net/traceroute.c	SOURCE-PRESENT	HOST-SCX-BUILT+NATIVE-DISK1-BUILT	PARTIAL-DISK1-PASS	M10-network	network-03首盘实际S3C编译/启动通过；基础行为子集有日志/抓包，完整选项/双盘待验；范围见CLI-M10.md/M10A1-VERIFICATION.md
udhcpc	user/net/udhcpc.c	SOURCE-PRESENT	HOST-SCX-BUILT+NATIVE-DISK1-BUILT	PARTIAL-DISK1-PASS	M10-network	network-03首盘实际S3C编译/启动通过；基础行为子集有日志/抓包，完整选项/双盘待验；范围见CLI-M10.md/M10A1-VERIFICATION.md
udhcpd	-	OUTSIDE-M10A1-FIRST-18	NOT-BUILT	NOT-RUN	M10-network	原55项网络参考保留，本轮首批未纳入
udpsvd	-	OUTSIDE-M10A1-FIRST-18	NOT-BUILT	NOT-RUN	M10-network	原55项网络参考保留，本轮首批未纳入
vconfig	-	OUTSIDE-M10A1-FIRST-18	NOT-BUILT	NOT-RUN	M10-network	原55项网络参考保留，本轮首批未纳入
wget	user/net/wget.c	SOURCE-PRESENT	HOST-SCX-BUILT+NATIVE-DISK1-BUILT	HELP-DISK1-PASS	M10-network	network-03首盘实际S3C编译/启动通过；仅help，传输待验；范围见CLI-M10.md/M10A1-VERIFICATION.md
zcip	-	OUTSIDE-M10A1-FIRST-18	NOT-BUILT	NOT-RUN	M10-network	原55项网络参考保留，本轮首批未纳入
